metric,A@t0_mean,D@t0_mean,delta(D-A)
Pearson,0.9996894999999999,0.999803,0.00011350000000009963
Spearman,0.9994810000000001,0.9996645,0.00018349999999989208
Kendall,0.9831650000000001,0.9874080000000001,0.004242999999999997
C_index,0.9916745,0.99364275,0.0019682500000000047
relRMSE,0.01107675,0.00768425,-0.0033924999999999997
RMSE,0.01107675,0.00768425,-0.0033924999999999997
MSE,0.01107675,0.00768425,-0.0033924999999999997
