seed,MSE_g,MSE_gK,ΔMSE,Cidx_g,Cidx_gK,ΔCidx
"(12, 12, 12)",0.00364,0.003886,0.000246,0.99758,0.996599,-0.00098
"(12, 8, 8)",0.003461,0.003265,-0.000196,0.99663,0.99663,0.0
"(8, 12, 8)",0.005751,0.006003,0.000252,0.995067,0.995527,0.00046
"(8, 8, 12)",0.004086,0.004681,0.000595,0.995558,0.995343,-0.000214
