seed,ΔMSE_gK,ΔMSE_gKS,ΔCidx_gK,ΔCidx_gKS
"(12, 12, 12)",0.000246,0.000518,-0.000214,-9.2e-05
"(12, 8, 8)",-0.000196,-0.000183,-0.000184,-0.000245
"(8, 12, 8)",0.000252,-0.000173,0.00046,0.001164
"(8, 8, 12)",0.000595,0.00013,0.000429,-0.000276
