marge,ΔrelRMSE_mean,ΔrelRMSE_IC95,ΔCidx_mean,ΔCidx_IC95
0,-0.002593,0.001186,0.000253,0.000883
1,-0.003085,0.000937,0.001065,0.001093
2,-0.003085,0.000937,0.00157,0.000925
3,-0.002615,0.001111,0.000781,0.001013
