seed,r_partial,mean,sd
"(12, 12, 12)",-0.069359,0.023586,0.222166
"(12, 8, 8)",0.003391,0.023586,0.222166
"(8, 12, 8)",-0.177356,0.023586,0.222166
"(8, 8, 12)",0.337669,0.023586,0.222166
