seed,r_partial,mean,sd
"(12, 12, 12)",-0.164822,-0.241171,0.081194
"(12, 8, 8)",-0.181736,-0.241171,0.081194
"(8, 12, 8)",-0.333533,-0.241171,0.081194
"(8, 8, 12)",-0.28459,-0.241171,0.081194
