seed,r_partial,mean,sd
"(12, 12, 12)",-0.136656,-0.228255,0.106819
"(12, 8, 8)",-0.144476,-0.228255,0.106819
"(8, 12, 8)",-0.357435,-0.228255,0.106819
"(8, 8, 12)",-0.274452,-0.228255,0.106819
