seed,r_partial,mean,sd
"(12, 12, 12)",-0.072744,0.023484,0.222444
"(12, 8, 8)",-0.000843,0.023484,0.222444
"(8, 12, 8)",-0.172486,0.023484,0.222444
"(8, 8, 12)",0.34001,0.023484,0.222444
