t,ΔrelRMSE_mean,ΔrelRMSE_IC95,ΔCidx_mean,ΔCidx_IC95
t=0,-0.002665,0.001274,0.000988,0.001071
t=1,-0.002653,0.001175,0.000743,0.000654
t=2,-0.002638,0.001116,0.000146,0.001626
