var,R2_j|others,VIF
Ktil,0.478874,1.918922
Kreg,0.129797,1.149157
|∇m|,0.642653,2.798401
m,0.513905,2.057209
