t,Δ_Pearson_mean,Δ_Pearson_IC95,Δ_Spearman_mean,Δ_Spearman_IC95,Δ_Kendall_approx_mean,Δ_Kendall_approx_IC95,Δ_C_index_approx_mean,Δ_C_index_approx_IC95,Δ_relRMSE_mean,Δ_relRMSE_IC95
t=0,8.6e-05,2.6e-05,9.5e-05,0.000121,0.001869,0.003018,0.001754,0.001483,-0.002664,0.001273
t=1,7.7e-05,2.4e-05,7.1e-05,0.000109,0.002052,0.001233,0.000689,0.000666,-0.002653,0.001174
t=2,6.8e-05,2.1e-05,7.7e-05,8.7e-05,0.001486,0.00286,0.000819,0.000601,-0.002638,0.001115
