Modèle,alpha,beta
A,0.031544,1.003872
D,-0.023866,1.001684
