Modèle,Pearson_mean,Pearson_IC95,Spearman_mean,Spearman_IC95,Kendall_approx_mean,Kendall_approx_IC95,C_index_approx_mean,C_index_approx_IC95,relRMSE_mean,relRMSE_IC95
A: m,0.99969,4.5e-05,0.999481,0.000108,0.983778,0.00246,0.992295,0.000531,0.011076,0.001211
A+∇m,0.999888,3e-05,0.999774,7.2e-05,0.98989,0.001974,0.995267,0.001331,0.005341,0.001059
A+K̃,0.999802,2.6e-05,0.999664,3.1e-05,0.987561,0.001172,0.993857,0.000524,0.007703,0.001424
A+∇m+K̃,0.999889,3e-05,0.999778,7e-05,0.989997,0.001745,0.995588,0.000888,0.005307,0.001061
