metric,mean,IC95_low,IC95_high,B
ΔMSE,0.000218,0.000167,0.000269,40
ΔC-index,3.2e-05,1e-05,5.5e-05,40
