seed,MSE_A,MSE_B,ΔMSE,C_A,C_B,ΔC
"(12, 12, 12)",0.005048,0.00552,0.000472,0.996017,0.996048,3.1e-05
"(12, 8, 8)",0.004733,0.004364,-0.000369,0.996538,0.996661,0.000123
"(8, 12, 8)",0.006759,0.00697,0.000211,0.994547,0.994455,-9.2e-05
"(8, 8, 12)",0.005226,0.0057,0.000474,0.995925,0.995925,0.0
