{
  "setup": {
    "size": 32,
    "alpha": 1.8,
    "anisotropy": [
      1.0,
      0.8,
      0.6
    ],
    "seeds": [
      0,
      1,
      2
    ]
  },
  "runs": [
    [
      "baseline_m",
      0,
      0.024621708038780915,
      1.7433102086741161,
      [
        496.5487208662912,
        2406.6542714902803
      ]
    ],
    [
      "geom_m_grad2_lap",
      0,
      0.03039120120885658,
      1.6908552047963206,
      [
        1245.3161744435222,
        1888.6739439986723,
        132.7728527915794,
        1998.9264120337539
      ]
    ],
    [
      "ent_m_entropy_lap",
      0,
      0.01920028266130962,
      1.61312260377104,
      [
        2475.7861593904977,
        -691.95773909794,
        433.8652951358951,
        2682.267605625538
      ]
    ],
    [
      "baseline_m",
      1,
      -0.0018979233717730582,
      1.7276839273995295,
      [
        -16.44545217101902,
        2653.5036216874473
      ]
    ],
    [
      "geom_m_grad2_lap",
      1,
      0.00895069998114437,
      1.799266862375558,
      [
        -512.8289312081241,
        -2011.1442934606405,
        -106.40357220344943,
        2953.345414387812
      ]
    ],
    [
      "ent_m_entropy_lap",
      1,
      0.037830712355819016,
      1.5877501616104241,
      [
        -286.0231623548056,
        -1173.5218052559549,
        -74.95824156637659,
        4968.133090986961
      ]
    ],
    [
      "baseline_m",
      2,
      0.032110963698143334,
      1.725441674872249,
      [
        928.102237058571,
        2058.6348815211945
      ]
    ],
    [
      "geom_m_grad2_lap",
      2,
      0.053122163424735844,
      1.7000320691414355,
      [
        2458.0940861571385,
        -3370.4834423114507,
        428.29387358502345,
        1387.5722973130773
      ]
    ],
    [
      "ent_m_entropy_lap",
      2,
      0.04512875044632343,
      1.8270189813275823,
      [
        2943.5751803035355,
        -1126.074098728224,
        463.1891097553786,
        3195.3922200137813
      ]
    ]
  ],
  "summary": {
    "geom_m_grad2_lap": {
      "pearson_mean": 0.030821354871578933,
      "pearson_std": 0.01803548945491083,
      "relrmse_mean": 1.7300513787711047,
      "relrmse_std": 0.04908591846786563,
      "n": 3
    },
    "baseline_m": {
      "pearson_mean": 0.018278249455050397,
      "pearson_std": 0.014590652259493861,
      "relrmse_mean": 1.7321452703152982,
      "relrmse_std": 0.0079476961238746,
      "n": 3
    },
    "ent_m_entropy_lap": {
      "pearson_mean": 0.03405324848781736,
      "pearson_std": 0.010917059597259337,
      "relrmse_mean": 1.6759639155696824,
      "relrmse_std": 0.1073131395298858,
      "n": 3
    }
  }
}