{
  "P_mass": [
    -2.4657180868187787,
    0.3066003863756724
  ],
  "P_topo": [
    -2.125510336617002,
    0.3835803590428237
  ],
  "T_mass": [
    -1.153160427835689,
    0.5966553138490763
  ],
  "T_topo": [
    -0.7992835919236994,
    0.7072723695983071
  ],
  "n_chunks": 8,
  "chunks_used": 8,
  "chunk_sizes": [
    10823,
    10764,
    10235,
    10179,
    10221,
    10194,
    10723,
    10864
  ]
}