{
  "P_mass": [
    -2.267590049764782,
    0.3753427484396006
  ],
  "P_topo": [
    -1.8486072077690174,
    0.3897710746236766
  ],
  "T_mass": [
    -0.9913361026299953,
    0.7504394753046265
  ],
  "T_topo": [
    -0.5998149454914543,
    0.8478124776062999
  ],
  "n_chunks": 8,
  "chunks_used": 8
}